"url_path","full_url","file","cluster","primary_keyword","secondary_keywords","meta_title","title_chars","meta_description","desc_chars","h1","canonical","faq_count"
"/","https://vos-landing-pages.vercel.app/","index.html","pillar","","","VoiceOrder Solutions: Feature Landing Pages","43","Feature pages for VoiceOrder Solutions: voice ordering and real-time inventory visibility for food distributors and the restaurants they serve.","143","Ordering and inventory software for food distributors and the restaurants they serve","https://vos-landing-pages.vercel.app/","0"
"/order-entry-software","https://vos-landing-pages.vercel.app/order-entry-software","vos-order-entry-landing.html","order","order entry software","order entry system software; order entry software for small business; web based order entry software","Order Entry Software for Restaurants | VoiceOrder","49","Order entry software for restaurants: say your supply order, check each line, and send it to your food distributor 24/7. Set up through your distributor.","153","Skip the Hold. Order Entry Software You Talk To.","https://vos-landing-pages.vercel.app/order-entry-software","7"
"/order-taking-software","https://vos-landing-pages.vercel.app/order-taking-software","vos-order-taking-landing.html","order","order taking software","b2b order taking software; software for order taking; mobile order taking software","Order Taking Software for Food Distributors | VoiceOrder","56","Customers say the order into an app 24/7, check it and send it. It reaches your team in your format. Order taking software that ends phone tag.","143","Order Taking Software Without the Phone Tag.","https://vos-landing-pages.vercel.app/order-taking-software","7"
"/order-fulfillment-software","https://vos-landing-pages.vercel.app/order-fulfillment-software","vos-order-fulfillment-landing.html","order","order fulfillment software","ecommerce order fulfillment software; order fulfillment tool; multi channel order fulfillment software; order fulfillment platform; warehouse order fulfillment software; order fulfillment software for small business","Order Fulfillment Software for Food Distributors | VOS","54","Your pick line works from confirmed, timestamped orders, not voicemails. Order fulfillment software where customers order by voice in an app, 24/7.","147","Order Fulfillment Software That Starts With Clean Orders.","https://vos-landing-pages.vercel.app/order-fulfillment-software","8"
"/order-tracking-software","https://vos-landing-pages.vercel.app/order-tracking-software","vos-order-tracking-landing.html","order","order tracking software","purchase order tracking software; sales order tracking software; ecommerce order tracking software; order tracking software for small business; order tracking tool; order tracking platform; order tracking app","Distributor Order Tracking Software | VoiceOrder Solutions","58","Order tracking software for food distributors. Each order placed in the VOS app is numbered, timestamped and confirmed, so no one calls to ask.","143","Order Tracking Software That Saves Everyone a Call.","https://vos-landing-pages.vercel.app/order-tracking-software","8"
"/distribution-resource-planning-software","https://vos-landing-pages.vercel.app/distribution-resource-planning-software","vos-distribution-resource-planning-landing.html","order","distribution resource planning software","distribution planning software; distribution capacity planning software","Order Data for Distribution Resource Planning Software | VOS","60","VOS isn't DRP. It captures orders by voice, 24/7, and sends them in your format, so your distribution resource planning software starts from real orders.","153","Real Orders for Your Distribution Resource Planning Software.","https://vos-landing-pages.vercel.app/distribution-resource-planning-software","8"
"/inventory-tracking-software","https://vos-landing-pages.vercel.app/inventory-tracking-software","vos-inventory-tracking-landing.html","inventory","inventory tracking software","inventory tracking system; simple inventory tracking software; inventory tracking app; software for tracking inventory","Inventory Tracking Software for Food Distributors | VOS","55","See what's on hand in real time as customer orders come in. Inventory tracking software that keeps your catalog in step with stock and cuts stockout surprises.","159","Inventory Tracking Software That Keeps Up With Orders.","https://vos-landing-pages.vercel.app/inventory-tracking-software","7"
"/inventory-planning-software","https://vos-landing-pages.vercel.app/inventory-planning-software","vos-inventory-planning-landing.html","inventory","inventory planning software","inventory planning tool; demand and inventory planning software; inventory planning platform; supply chain inventory planning software; inventory planning and optimization software","Inventory Planning Software for Food Distributors | VOS","55","Plan next week's stock from real customer orders. This inventory planning software gives you dated history per account, 24/7 ordering and a live stock view.","156","Inventory Planning Software Built on Real Customer Orders.","https://vos-landing-pages.vercel.app/inventory-planning-software","8"
"/inventory-replenishment-software","https://vos-landing-pages.vercel.app/inventory-replenishment-software","vos-inventory-replenishment-landing.html","inventory","inventory replenishment software","replenishment inventory optimization software; automated inventory replenishment software; iphone inventory replenishment software","Inventory Replenishment Software for Food Distributors | VOS","60","See low stock as customer orders land, so your buyer can restock before an account's order comes up short. Inventory replenishment software for distributors.","157","Inventory Replenishment Software That Shows Low Stock.","https://vos-landing-pages.vercel.app/inventory-replenishment-software","8"
"/inventory-automation-software","https://vos-landing-pages.vercel.app/inventory-automation-software","vos-inventory-automation-landing.html","inventory","inventory automation software","inventory automation management software; restaurant inventory automation software","Inventory Automation Software for Food Distributors | VOS","57","Cut order busywork. With this inventory automation software, customers order by voice 24/7, and your stock view and catalog update as orders land.","146","Inventory Automation Software That Cuts Order Calls.","https://vos-landing-pages.vercel.app/inventory-automation-software","8"
"/inventory-visibility-software","https://vos-landing-pages.vercel.app/inventory-visibility-software","vos-inventory-visibility-landing.html","inventory","inventory visibility software","software for comprehensive inventory visibility; real-time inventory visibility software; warehouse inventory visibility software solutions; erp add-ons inventory visibility control software; inventory visibility platform","Inventory Visibility Software for Food Distributors | VOS","57","Give reps, office staff and the warehouse one real-time stock number. Inventory visibility software that updates customer catalogs as your stock changes.","153","Inventory Visibility Software for Reps, Office and Warehouse.","https://vos-landing-pages.vercel.app/inventory-visibility-software","8"
"/inventory-control-software","https://vos-landing-pages.vercel.app/inventory-control-software","vos-inventory-control-landing.html","inventory","inventory control software","warehouse inventory control software; inventory control software for small business; inventory control system software; retail inventory control software; small business inventory control software; manufacturing inventory control software; food inventory control software","Inventory Control Software for Food Distributors | VoiceOrder","61","Stop losing margin to shorts, swaps and order errors. This inventory control software gives distributors confirmed orders and a stock-aware catalog.","148","Inventory Control Software That Protects Your Margin.","https://vos-landing-pages.vercel.app/inventory-control-software","8"
"/catalog-management-software","https://vos-landing-pages.vercel.app/catalog-management-software","vos-catalog-management-landing.html","ops","catalog management software","product catalog software; b2b catalog software; inventory catalog software; ai catalog management software; ai procurement catalog management software","Catalog Management Software for Food Distributors | VOS","55","Catalog management software that keeps each restaurant account's order guide current, at your prices and SKUs. Most distributors go live in 24-48 hours.","152","Catalog Management Software That Keeps Guides Current.","https://vos-landing-pages.vercel.app/catalog-management-software","7"
"/restaurant-stock-management-software","https://vos-landing-pages.vercel.app/restaurant-stock-management-software","vos-restaurant-stock-management-landing.html","inventory","restaurant stock management software","restaurant stock control software; restaurant stock management app","Restaurant Stock Management Software | VoiceOrder Solutions","59","Restaurant stock management software for the reorder: check the walk-in, say what you need, and VOS sends a confirmed order to your food distributor 24/7.","154","Restaurant Stock Management Software for the Reorder.","https://vos-landing-pages.vercel.app/restaurant-stock-management-software","7"
"/restaurant-purchasing-software","https://vos-landing-pages.vercel.app/restaurant-purchasing-software","vos-restaurant-purchasing-landing.html","ops","restaurant purchasing software","restaurant purchasing system; restaurant procurement software; food purchasing software for restaurants; restaurant purchase order software; multi location restaurant purchasing software","Restaurant Purchasing Software | VoiceOrder Solutions","53","Restaurant purchasing software that puts your VOS suppliers in one app. Order by voice at any hour, and each order is confirmed, numbered and timestamped.","154","Restaurant Purchasing Software: One App, Many Suppliers.","https://vos-landing-pages.vercel.app/restaurant-purchasing-software","8"
"/vendor-management-software","https://vos-landing-pages.vercel.app/vendor-management-software","vos-vendor-management-landing.html","ops","vendor management software","restaurant vendor management software; vendor relationship management software; vendor management system software; vendor contract management software","Vendor Management Software From the Vendor's Side | VoiceOrder","62","Restaurants judge suppliers on price, accuracy and ease, some in vendor management software. VOS helps food distributors shine on all three.","140","Vendor Management Software, From the Vendor's Side.","https://vos-landing-pages.vercel.app/vendor-management-software","8"
"/restaurant-checklist-software","https://vos-landing-pages.vercel.app/restaurant-checklist-software","vos-restaurant-checklist-landing.html","ops","restaurant checklist software","restaurant checklist software for managers; checklist software for restaurant managers; restaurant owner checklist software; multi location restaurant checklist software; restaurant operations checklist software; restaurant checklist software pricing","Restaurant Checklist Software for Ordering | VoiceOrder","55","Swap the paper order sheet for restaurant checklist software. Your distributor loads your order guide, so every shift orders the same way, by voice, 24/7.","154","Restaurant Checklist Software for Your Ordering Routine.","https://vos-landing-pages.vercel.app/restaurant-checklist-software","8"
